<?xml version="1.0" encoding="UTF-8" standalone="no"?>
<obj xmlns:bhr="http://www.stegmannsystems.com/2009/bhr" xmlns:edp="http://www.stegmannsystems.com/2009/edp" xmlns:edp2="http://www.stegmannsystems.com/2009/edp2" xmlns:edpf="http://www.stegmannsystems.com/2009/edp-function" xmlns:edpm="http://www.stegmannsystems.com/2009/edp-meta" xmlns:ns1="http://www.w3.org/1999/xhtml" xmlns:rdf="http://www.w3.org/1999/02/22-rdf-syntax-ns#" xmlns:rdfs="http://www.w3.org/2000/01/rdf-schema#" did="4944425" edp:created="2020-03-16T09:22:58Z" edp:createdBy="stolz@biblhertz.it" edp:eddVersion="2.7.0" edp:updated="2020-03-16T09:22:57Z" edp:updatedBy="stolz@biblhertz.it" edp:version="1" lvl="1">  <a5000>08183055</a5000>  <aob28>Verwalter<a2864>Rom</a2864>    <a2900>Bibliotheca Hertziana</a2900>    <a2930>Kunstbesitz</a2930>    <a2940>Antikensammlung/Sammlung Heikamp</a2940>    <a2950>G40069</a2950>    <a2952>Da Gai 086; Heikamp 096</a2952>    <a9020>Schenkung</a9020>    <a9060>A001</a9060>    <a9040>Vestibül des Tempietto Zuccari, Erdgeschoss</a9040>  </aob28>  <aob28>Vorbesitzer<a2864>Florenz</a2864>    <a2890>private Sammlung</a2890>    <a2910>Heikamp, Detlef</a2910>  </aob28>  <a5130>römisch</a5130>  <a5060>Datierung<a5064 end="100" start="1">1/100</a5064>  </a5060>  <a5200>Tafelfragment mit Grabinschrift "D(is) M(anibus) // HYPA[]... "</a5200>  <a5210>Fragment</a5210>  <a5220>Angewandte Kunst</a5220>  <a5230>Inschrifttafel</a5230>  <a5260>Marmor</a5260>  <a5360>43,5 x 39,5 cm</a5360>  <a5364>Dicke<a5365>6,0 cm</a5365>  </a5364>  <a8350>C. Letta: Le epigrafi antiche della Donazione Detlef Heikamp nella Bibliotheca Hertziana di Roma, Pisa 2010, Kat.-Nr. 161.</a8350>  <a8450 bhr:createdBy="stolz@biblhertz.it">Foto<a8460>Bibliotheca Hertziana</a8460>    <a8470>bhim00038465.tif</a8470>    <a8540 edp:checksum="" edp:lastupdate="2020-03-16T10:22:51Z" edp:originalfilename="" edp:originalfilesource="" edp:updateby="stolz@biblhertz.it" edp:virtualfilename="">bhim00038465</a8540>    <a8515>pal</a8515>    <a8496>2020.03.16</a8496>    <a8482>color</a8482>    <a8490>Fontolan, Enrico</a8490>    <a8494>2019.02.07/2019.02.09</a8494>    <a8497>Fotokampagne 03/2019</a8497>    <a8510>Gesamtansicht</a8510>    <a8541>freigegeben</a8541>    <a854z>---</a854z>  </a8450>  <a99bh>anonimo</a99bh>  <a9902>Bibliotheca Hertziana Rom</a9902>  <a9904>cst</a9904>
</obj>
