<?xml version="1.0" encoding="utf-8" standalone="no"?>
<RISULTATI>

   <SCHEDA intestazione="Schwitter , Niccolò di Tommaso - sec. XIV - Crocifissione di Cristo" sercdf="9972" sercdoa="3601">
			  <PARAGRAFO etichetta="CLASSIFICATION"> 
				   <INVN etichetta="Inventory number">15596</INVN>
      <LDCM etichetta="Collection">Fototeca Zeri</LDCM>
      <UBFS etichetta="Archival series">Pittura italiana</UBFS>
      <UBFN etichetta="Container number">48</UBFN>
      <UBFT etichetta="Container heading">Pittura italiana sec. XIV. Firenze. Nardo di Cione, cappella Giochi Bastari, Niccolò di Tommaso</UBFT>
      <UBFF etichetta="Folder number">5</UBFF>
      <UBFU etichetta="Folder heading">Niccolò di Tommaso: tavole</UBFU>
      <UBFC etichetta="Shelfmark">PI_0048/5/54</UBFC>
    </PARAGRAFO>		  
			  <PARAGRAFO etichetta="SUBJECT">
					<RIPETIZIONE>
						<SGTI etichetta="Subject">Crocifissione di Cristo con san Francesco d'Assisi</SGTI>
						 <OGTDOA etichetta="Object">scomparto di trittico</OGTDOA>
						 </RIPETIZIONE> 
					</PARAGRAFO>		  					
			<PARAGRAFO etichetta="SOURCE OF TITLE">
				<RIPETIZIONE>
					 <SGLS etichetta="Source of title">del catalogatore</SGLS>
					 <SGLA etichetta="Attributed title">Niccolò di Tommaso - sec. XIV - Crocifissione di Cristo</SGLA>					 
					 </RIPETIZIONE> 
					</PARAGRAFO>		  			  
			  <PARAGRAFO etichetta="OBJECT">
				    <QNTN etichetta="Number of items">1</QNTN>
      <OGTD etichetta="Object">positivo</OGTD>
      <OGTB etichetta="Type">m</OGTB>
      <MTX etichetta="BW/C">BN</MTX>
      <MTC etichetta="Medium or materials">gelatina ai sali d'argento/ carta baritata</MTC>
      <MISU etichetta="Unit of measurement">mm</MISU>
					<MISA etichetta="Height">240</MISA>
					<MISL etichetta="Length">180</MISL>
					<MISO etichetta="Type of dimensions">supporto primario</MISO>				   				   				   
					</PARAGRAFO>		  			  
			  <PARAGRAFO etichetta="PHOTOGRAPHERS">
	            <RIPETIZIONE>  	
					   <AUFN etichetta="Photographer">Schwitter</AUFN>
        <AUFI etichetta="Address">Schwitter A. G., Basel</AUFI>
        <AUFM etichetta="Reason for attribution">timbro</AUFM>
        <AUFA etichetta="Personal data">1940 ca.-</AUFA>
      </RIPETIZIONE>
			   </PARAGRAFO>		  			  			   
			  <PARAGRAFO etichetta="AUTHOR OF ARTWORK REPRESENTED IN THE PHOTOGRAPH">
	            <RIPETIZIONE>	
					   <AUTN etichetta="Artist's name">Niccolò di Tommaso</AUTN>
        <AUTB etichetta="Cultural context">Scuola italiana, scuola toscana, scuola fiorentina</AUTB>
      </RIPETIZIONE>
			   </PARAGRAFO>		  			  
			  <PARAGRAFO etichetta="DATING">
					<DTZG etichetta="Century">XX</DTZG>
					 <DTSI etichetta="From">1965</DTSI>
      <DTSF etichetta="To">1965</DTSF>
      <DTMM etichetta="Reason for dating">iscrizione</DTMM>
					 </PARAGRAFO>		  			 
			  <PARAGRAFO etichetta="PLACE AND DATE OF THE SHOT">		  		  		  
				   <LRD etichetta="Shot date">1965</LRD>
    </PARAGRAFO>

			  <PARAGRAFO etichetta="RELATIONS WITH OTHER PHOTOGRAPHIC OBJECTS (NEGATIVE)">
			  
				   </PARAGRAFO>	
	     			  

            		 
  			  <PARAGRAFO etichetta="PRODUCTION AND PUBLISHING">
	            <RIPETIZIONE>					 
				   <PDFB etichetta="Publisher (corporate name)">Collezione Heinz Kisters</PDFB>
        <PDFI etichetta="Publisher's address">Collection Heinz Kisters</PDFI>
        <PDFR etichetta="Role">committente</PDFR>
        <PDFL etichetta="Publication place">Kreuzlingen</PDFL>
        <PDFD etichetta="Publication date">1965</PDFD>
        <PDFM etichetta="Reason for attribution">analisi storica/ timbro</PDFM>
      </RIPETIZIONE>					 
			   </PARAGRAFO>	
                          

			  <PARAGRAFO etichetta="STATE OF PRESERVATION">
				   </PARAGRAFO>			  			  
			  
			  <PARAGRAFO etichetta="LOCATION">		  		  		  
				   <PVCR etichetta="Region / Federal State">Emilia-Romagna</PVCR>
      <PVCP etichetta="District">BO</PVCP>
      <PVCC etichetta="Town / Municipality">Bologna</PVCC>
      <LDCN etichetta="Repository">Ex convento di S. Cristina</LDCN>
      <LDCU etichetta="Address">piazzetta G. Morandi, 2</LDCU>
    </PARAGRAFO>
	  
          
			<PARAGRAFO etichetta="PROVENANCE">
	            </PARAGRAFO>				  
			  

	     			  			 
			  
			  <PARAGRAFO etichetta="CODES">		  		  		  
				   <TSK etichetta="Type of entry">F</TSK>
      <LIR etichetta="Cataloguing level">I</LIR>
      <NCTR etichetta="Regional code">08</NCTR>
      <NCTN etichetta="Id. number">15596</NCTN>
      <ESC etichetta="Cataloguing Institution">Fondazione Federico Zeri - Università di Bologna</ESC>
    </PARAGRAFO>
			  <PARAGRAFO etichetta="RELATION TO OTHER OBJECTS">		  		  		  
				   </PARAGRAFO>

			  <PARAGRAFO etichetta="OWNERSHIP">
				   <CDGG etichetta="General ownership">proprietà Ente pubblico non territoriale</CDGG>
      <CDGS etichetta="Specific owner">Alma Mater Studiorum Università di Bologna</CDGS>
    </PARAGRAFO>			  			  
			  <PARAGRAFO etichetta="COPYRIGHT">
				   </PARAGRAFO>			  	
			  <PARAGRAFO etichetta="CATALOGUING">
				   <CMPD etichetta="Cataloguing date">09/12/2003 0.00.00</CMPD>
      <CMPN etichetta="Cataloguer">test</CMPN>
    </PARAGRAFO>			  			  
			  <PARAGRAFO etichetta="NOTES">
				   </PARAGRAFO>					  
  			  <PARAGRAFO etichetta="DIGITAL IMAGE">
	            <FTAT etichetta="Detail / Whole">insieme</FTAT>
      <FTAN etichetta="File name">\40000\15600\15596.jpg</FTAN>
      <FTAX etichetta="Attached / Unattached image">allegata</FTAX>
      <FTAP etichetta="Type">fotografia digitale</FTAP>
      <VERSO etichetta="Verso">Pubblico</VERSO>
    </PARAGRAFO>			  
	  			  
  			  <PARAGRAFO etichetta="UPDATING">
	            <RIPETIZIONE>
				   <AGGD etichetta="Data">09/12/2003 0.00.00</AGGD>
        <AGGN etichetta="Nome revisore">test</AGGN>
      </RIPETIZIONE>
			   <RIPETIZIONE>
				   <AGGD etichetta="Data">20/12/2004 0.00.00</AGGD>
        <AGGN etichetta="Nome revisore">test</AGGN>
      </RIPETIZIONE>
			   <RIPETIZIONE>
				   <AGGD etichetta="Data">10/03/2005 0.00.00</AGGD>
        <AGGN etichetta="Nome revisore">test</AGGN>
      </RIPETIZIONE>
			   <RIPETIZIONE>
				   <AGGD etichetta="Data">26/05/2009</AGGD>
        <AGGN etichetta="Nome revisore">Matteo Benini</AGGN>
      </RIPETIZIONE>
			   <RIPETIZIONE>
				   <AGGD etichetta="Data">29/05/2009</AGGD>
        <AGGN etichetta="Nome revisore">Francesca Mambelli</AGGN>
      </RIPETIZIONE>
			   <RIPETIZIONE>
				   <AGGD etichetta="Data">30/10/2019</AGGD>
        <AGGN etichetta="Nome revisore">Marcello Rossini</AGGN>
      </RIPETIZIONE>
			   </PARAGRAFO>		
			  
	  			  
  			  <PARAGRAFO etichetta="SUPERVISING">
	            <RIPETIZIONE>
				   <FUR etichetta="Funzionario">Giudici C.</FUR>
      </RIPETIZIONE>
			   </PARAGRAFO>		
			  	     			  			 
			 
			 
			  <ELENCO_FOTO>
			    <FOTO altezza="240" fotoID="15600!15596" larghezza="180" note="Schwitter , Niccolò di Tommaso - sec. XIV - Crocifissione di Cristo - insieme" sercdf="9972">/40000/15600/15596.jpg</FOTO>
				</ELENCO_FOTO>
			  
			  <ISSHOWNBY>
			   http://catalogo.fondazionezeri.unibo.it/entry/photo/9972/
			  </ISSHOWNBY>
		  </SCHEDA>			  
	 </RISULTATI>
